{
  "$schema": "https://schema.management.azure.com/schemas/2019-04-01/deploymentParameters.json#",
  "contentVersion": "1.0.0.0",
  "parameters": {
    "vnetRG": {
      "value": "eus-az-rg-ci038954746-dev-01"
    },
    "vnetName": {
      "value": "eus-az-vnet-ci038954746-dev-01"
    },
    "adminUserName": {
      "value": "#{ vm_username }#"
    },
    "adminPassword": {
      "value": "#{ vm_password }#"
    },
    "project": {
      "value": "amig"
    },
    "prefix": {
      "value": "am"
    },
    "environment": {
      "value": "poc"
    },
    "vms_uptime": {
      "value": "EST 8-20 * * 1-5"
    },
    "ansible_deployYesNo": {
      "value": true
    }, 
    "sqlServer_deployYesNo": {
      "value": true
    },    
    "keyVault_deployYesNo": {
      "value": true
    },
    "fileShare_subnetName": {
      "value": "eus-az-subnet-ci038954746-dev-01-snetblobdev"
    },
    "sqlServer_subnetName": {
      "value": "eus-az-subnet-ci038954746-dev-01-snetdbdev"
    },    
    "keyVault_subnetName": {
      "value": "eus-az-subnet-ci038954746-dev-01-snetkvdev"
    },
    "vm_ansible_size": {
      "value": "Standard_B2ms"
    },
    "vm_ansible_subnetName": {
      "value": "eus-az-subnet-ci038954746-dev-01-default"
    },
    "vm_iics_os": {
      "value": "Linux"
    },
    "vm_iics_startNum": {
      "value": 1
    },
    "vm_iics_count": {
      "value": 1
    },
    "vm_iics_size": {
      "value": "Standard_B2ms"
    },
    "vm_iics_subnetName": {
      "value": "eus-az-subnet-ci038954746-dev-01-snetagentdev"
    },
    "vm_iics_dataDisksGB": {
      "value": [512,512]
    },
    "vm_azdo_os": {
      "value": "Windows"
    },
    "vm_azdo_startNum": {
      "value": 1
    },
    "vm_azdo_count": {
      "value": 1
    },
    "vm_azdo_size": {
      "value": "Standard_B2ms"
    },
    "vm_azdo_subnetName": {
      "value": "eus-az-subnet-ci038954746-dev-01-snetadodev"
    },
    "vm_azdo_dataDisksGB": {
      "value": []
    },
    "vm_dbx_os": {
      "value": "Linux"
    },
    "vm_dbx_startNum": {
      "value": 1
    },
    "vm_dbx_count": {
      "value": 1
    },
    "vm_dbx_size": {
      "value": "Standard_B2ms"
    },
    "vm_dbx_subnetName": {
      "value": "eus-az-subnet-ci038954746-dev-01-snetagentdev"
    },
    "vm_dbx_dataDisksGB": {
      "value": [512,512]
    },
    "sqlServer_aadAdmin_group": {
      "value": "FUN-AZURE-CVG-amig-databaseadmins"
    }, 
    "sqlServer_aadAdmin_oid": {
      "value": "bfad6dcc-49cd-4084-a239-8baea62f19ca"
    }
  }
}
