{
    "services": {
        "selections": [
            {
                "id": "00000047000000000002",
                "name": "Data Integration",
                "enabled": true
            },
            {
                "id": "00000047000000000004",
                "name": "Application Integration",
                "enabled": true
            },
            {
                "id": "00000047000000000005",
                "name": "Mass Ingestion-Files",
                "enabled": true
            },
            {
                "id": "00000047000000000007",
                "name": "Mass Ingestion-Databases",
                "enabled": true
            }
        ]
    },
    "connectors": {
        "selections": [
            {
                "id": "01000000000007M",
                "name": "Adobe Analytics Mass Ingestion",
                "enabled": true
            },
            {
                "id": "01000000000002K",
                "name": "Amazon S3",
                "enabled": true
            },
            {
                "id": "01000000000003S",
                "name": "Amazon S3 v2",
                "enabled": true
            },
            {
                "id": "01000000000003N",
                "name": "Azure Blob",
                "enabled": true
            },
            {
                "id": "01000000000005D",
                "name": "Databricks Delta",
                "enabled": true
            },
            {
                "id": "01000000000007S",
                "name": "Db2 for zOS",
                "enabled": true
            },
            {
                "id": "01000000000000R",
                "name": "Db2 for zOS CDC",
                "enabled": true
            },
            {
                "id": "01000000000006V",
                "name": "Db2 for zOS Database Ingestion",
                "enabled": true
            },
            {
                "id": "01000000000003M",
                "name": "Microsoft Azure Blob Storage V3",
                "enabled": true
            },
            {
                "id": "010000000000017",
                "name": "Microsoft Azure Data Lake Storage Gen2",
                "enabled": true
            },
            {
                "id": "01000000000001O",
                "name": "Microsoft Dynamics 365 for Sales",
                "enabled": true
            },
            {
                "id": "010000000000067",
                "name": "Microsoft Excel",
                "enabled": true
            },
            {
                "id": "01000000000006I",
                "name": "Oracle Database Ingestion",
                "enabled": true
            },
            {
                "id": "01000000000002S",
                "name": "REST V2",
                "enabled": true
            }
        ]
    },
    "additionalServices": {
        "selections": []
    }
}